,Organisation Name,Meeting Date,Sequence Identifier,Proposal Text,Recommendation,Unnamed: 5
0,Mckesson Corporation,21/07/2023,1a.,Elect Richard H. Carmona,For,
1,Mckesson Corporation,21/07/2023,1b.,Elect Dominic J. Caruso,For,
2,Mckesson Corporation,21/07/2023,1c.,Elect W. Roy Dunbar,For,
3,Mckesson Corporation,21/07/2023,1d.,Elect James H. Hinton,For,
4,Mckesson Corporation,21/07/2023,1e.,Elect Donald R. Knauss,For,
5,Mckesson Corporation,21/07/2023,1f.,Elect Bradley E. Lerman,For,
6,Mckesson Corporation,21/07/2023,1g.,Elect Linda P. Mantia,For,
7,Mckesson Corporation,21/07/2023,1h.,Elect Maria Martinez,For,
8,Mckesson Corporation,21/07/2023,1i.,Elect Susan R. Salka,For,
9,Mckesson Corporation,21/07/2023,1j.,Elect Brian S. Tyler,For,
10,Mckesson Corporation,21/07/2023,1k.,Elect Kathleen Wilson-Thompson,For,
11,Mckesson Corporation,21/07/2023,2,Ratification of Auditor,For,
12,Mckesson Corporation,21/07/2023,3,Advisory Vote on Executive Compensation,For,
13,Mckesson Corporation,21/07/2023,5,Shareholder Proposal Regarding Severance Approval Policy,Against,
14,United Utilities Group PLC,21/07/2023,1,Accounts and Reports,For,
15,United Utilities Group PLC,21/07/2023,10,Elect Michael Lewis,For,
16,United Utilities Group PLC,21/07/2023,11,Elect Paulette Rowe,For,
17,United Utilities Group PLC,21/07/2023,12,Elect Doug Webb,For,
18,United Utilities Group PLC,21/07/2023,13,Appointment of Auditor,For,
19,United Utilities Group PLC,21/07/2023,14,Authority to Set Auditor's Fees,For,
20,United Utilities Group PLC,21/07/2023,15,Authority to Issue Shares w/ Preemptive Rights,For,
21,United Utilities Group PLC,21/07/2023,16,Authority to Issue Shares w/o Preemptive Rights,For,
22,United Utilities Group PLC,21/07/2023,17,Authority to Issue Shares w/o Preemptive Rights (Specified Capital Investment),For,
23,United Utilities Group PLC,21/07/2023,18,Authority to Repurchase Shares,For,
24,United Utilities Group PLC,21/07/2023,19,Authority to Set General Meeting Notice Period at 14 Days,For,
25,United Utilities Group PLC,21/07/2023,2,Final Dividend,For,
26,United Utilities Group PLC,21/07/2023,20,Authorisation of Political Donations,For,
27,United Utilities Group PLC,21/07/2023,3,Remuneration Report,For,
28,United Utilities Group PLC,21/07/2023,4,Elect David Higgins,For,
29,United Utilities Group PLC,21/07/2023,5,Elect Louise Beardmore,For,
30,United Utilities Group PLC,21/07/2023,6,Elect Phil Aspin,For,
31,United Utilities Group PLC,21/07/2023,7,Elect Liam Butterworth,For,
32,United Utilities Group PLC,21/07/2023,8,Elect Kathleen Cates,For,
33,United Utilities Group plc,21/07/2023,9,Elect Alison Goligher,For,
36,First Group,21/07/2023,10,Elect Ryan Mangold,For,
37,First Group,21/07/2023,11,Elect David Martin,For,
38,First Group,21/07/2023,12,Elect Graham Sutherland,For,
39,First Group,21/07/2023,13,Appointment of Auditor,For,
40,First Group,21/07/2023,14,Authority to Set Auditor's Fees,For,
41,First Group,21/07/2023,15,Authority to Issue Shares w/ Preemptive Rights,For,
42,First Group,21/07/2023,16,Authority to Issue Shares w/o Preemptive Rights,For,
43,First Group,21/07/2023,17,Authority to Issue Shares w/o Preemptive Rights (Specified Capital Investment),For,
44,First Group,21/07/2023,18,Authority to Repurchase Shares,For,
45,First Group,21/07/2023,19,Authorisation of Political Donations,For,
46,First Group,21/07/2023,2,Remuneration Report,For,
47,First Group,21/07/2023,20,Authority to Set General Meeting Notice Period at 14 Days,For,
48,First Group,21/07/2023,3,Final Dividend,For,
49,First Group,21/07/2023,4,Elect Sally Cabrini,For,
50,First Group,21/07/2023,5,Elect Myrtle Dawes,For,
51,First Group,21/07/2023,6,Elect Anthony Green,For,
52,First Group,21/07/2023,7,Elect Claire L. Hawkings,For,
53,First Group,21/07/2023,8,Elect Jane Lodge,For,
54,First Group,21/07/2023,9,Elect Peter Lynas,For,
55,CECEP Techand Ecology & Environment Co. Ltd.,21/07/2023,1,Eligibility for Issuance of Corporate Bonds to Professional Investors,For,
56,CECEP Techand Ecology & Environment Co. Ltd.,21/07/2023,2.1,Issuance Size,For,
57,CECEP Techand Ecology & Environment Co. Ltd.,21/07/2023,2.2,Duration of Bonds,For,
58,CECEP Techand Ecology & Environment Co. Ltd.,21/07/2023,2.3,Issuance Method,For,
59,CECEP Techand Ecology & Environment Co. Ltd.,21/07/2023,2.4,Use of Proceeds,For,
60,CECEP Techand Ecology & Environment Co. Ltd.,21/07/2023,2.5,Guarantee Matters,For,
61,CECEP Techand Ecology & Environment Co. Ltd.,21/07/2023,2.6,Validity of Resolution,For,
62,CECEP Techand Ecology & Environment Co. Ltd.,21/07/2023,3,Board Authorization to Handle Matters Regarding Issuance of Corporate Bonds to Professional Investors,For,
63,Blink Charging Co,24/07/2023,1.01,Elect Ritsaart J.M. van Montfrans,For,
64,Blink Charging Co,24/07/2023,1.02,Elect Brendan S. Jones,For,
65,Blink Charging Co,24/07/2023,1.03,Elect Aviv Hillo,For,
66,Blink Charging Co,24/07/2023,1.04,Elect Mahidhar Reddy,For,
67,Blink Charging Co,24/07/2023,1.05,Elect Jack Levine,For,
68,Blink Charging Co,24/07/2023,1.06,Elect Kristina A. Peterson,For,
69,Blink Charging Co,24/07/2023,1.07,Elect Cedric L. Richmond,For,
70,Blink Charging Co,24/07/2023,2,Amendment to the 2018 Incentive Compensation Plan,For,
71,Blink Charging Co,24/07/2023,3,Ratification of Auditor,For,
72,Plus500 Ltd,24/07/2023,1,Authority to Repurchase Shares,For,
73,Cranswick plc,24/07/2023,1,Accounts and Reports,For,
74,Cranswick plc,24/07/2023,10,Elect Christopher Aldersley,For,
75,Cranswick plc,24/07/2023,11,Elect Yetunde Hofmann,For,
76,Cranswick plc,24/07/2023,12,Appointment of Auditor,For,
77,Cranswick plc,24/07/2023,13,Authority to Set Auditor's Fees,For,
78,Cranswick plc,24/07/2023,14,Authority to Issue Shares w/ Preemptive Rights,For,
79,Cranswick plc,24/07/2023,15,Authority to Issue Shares w/o Preemptive Rights,For,
80,Cranswick plc,24/07/2023,16,Authority to Issue Shares w/o Preemptive Rights (Specified Capital Investment),For,
81,Cranswick plc,24/07/2023,17,Authority to Repurchase Shares,For,
82,Cranswick plc,24/07/2023,18,Authority to Set General Meeting Notice Period at 14 Days,For,
83,Cranswick plc,24/07/2023,19,Save As You Earn Plan,For,
84,Cranswick plc,24/07/2023,2,Remuneration Report,For,
85,Cranswick plc,24/07/2023,3,Final Dividend,For,
86,Cranswick plc,24/07/2023,4,Elect Liz Barber,For,
87,Cranswick plc,24/07/2023,5,Elect Mark  Bottomley,For,
88,Cranswick plc,24/07/2023,6,Elect Jim Brisby,For,
89,Cranswick plc,24/07/2023,7,Elect Adam Couch,For,
90,Cranswick plc,24/07/2023,8,Elect Pamela Powell,For,
91,Cranswick plc,24/07/2023,9,Elect Tim Smith,For,
92,DiscoverIE Group Plc,24/07/2023,1,Accounts and Reports,For,
93,DiscoverIE Group Plc,24/07/2023,10,Elect Celia Baxter,For,
94,DiscoverIE Group Plc,24/07/2023,11,Appointment of Auditor,For,
95,DiscoverIE Group Plc,24/07/2023,12,Authority to Set Auditor's Fees,For,
96,DiscoverIE Group Plc,24/07/2023,13,Authority to Issue Shares w/ Preemptive Rights,For,
97,DiscoverIE Group Plc,24/07/2023,14,Authority to Issue Shares w/ Preemptive Rights (Rights Issue),For,
98,DiscoverIE Group Plc,24/07/2023,15,Authority to Issue Shares w/o Preemptive Rights,For,
99,DiscoverIE Group Plc,24/07/2023,16,Authority to Issue Shares w/o Preemptive Rights (Specified Capital Investment),For,
100,DiscoverIE Group Plc,24/07/2023,17,Authority to Issue Shares w/o Preemptive Rights (Rights Issue),For,
101,DiscoverIE Group Plc,24/07/2023,18,Authority to Repurchase Shares,For,
102,DiscoverIE Group Plc,24/07/2023,19,Authority to Set General Meeting Notice Period at 14 Days,For,
103,DiscoverIE Group Plc,24/07/2023,2,Final Dividend,For,
104,DiscoverIE Group Plc,24/07/2023,20,Authorisation of Political Donations,For,
105,DiscoverIE Group Plc,24/07/2023,3,Remuneration Report,For,
106,DiscoverIE Group Plc,24/07/2023,4,Elect Bruce M. Thompson,For,
107,DiscoverIE Group Plc,24/07/2023,5,Elect Nick Jefferies,For,
108,DiscoverIE Group Plc,24/07/2023,6,Elect Simon Gibbins,For,
109,DiscoverIE Group Plc,24/07/2023,7,Elect Tracey Graham,For,
110,DiscoverIE Group Plc,24/07/2023,8,Elect Clive Watson,For,
111,DiscoverIE Group Plc,24/07/2023,9,Elect Rosalind Kainyah,For,
112,Linde Plc,24/07/2023,1A,Elect Stephen F. Angel,For,
113,Linde Plc,24/07/2023,1B,Elect Sanjiv Lamba,For,
114,Linde Plc,24/07/2023,1C,Elect Ann-Kristin Achleitner,For,
115,Linde Plc,24/07/2023,1D,Elect Thomas Enders,For,
116,Linde Plc,24/07/2023,1E,Elect Hugh Grant,For,
117,Linde Plc,24/07/2023,1F,Elect Joe Kaeser,For,
118,Linde Plc,24/07/2023,1G,Elect Victoria E. Ossadnik,For,
119,Linde Plc,24/07/2023,1H,Elect Martin H. Richenhagen,For,
120,Linde Plc,24/07/2023,1I,Elect Alberto Weisser,For,
121,Linde Plc,24/07/2023,1J,Elect Robert L. Wood,For,
122,Linde Plc,24/07/2023,2A,Ratification of Auditor,For,
123,Linde Plc,24/07/2023,2B,Authority to Set Auditor's Fees,For,
124,Linde Plc,24/07/2023,3,Advisory Vote on Executive Compensation,For,
125,Linde Plc,24/07/2023,4,Amendment to Supermajority Requirements,For,
126,DXC Technology Co,25/07/2023,1a.,Elect David A. Barnes,For,
127,DXC Technology Co,25/07/2023,1b.,Elect Raul J. Fernandez,For,
128,DXC Technology Co,25/07/2023,1c.,Elect Anthony Gonzalez,For,
129,DXC Technology Co,25/07/2023,1d.,Elect David L. Herzog,For,
130,DXC Technology Co,25/07/2023,1e.,Elect Pinkie D. Mayfield,For,
131,DXC Technology Co,25/07/2023,1f.,Elect Karl Racine,For,
132,DXC Technology Co,25/07/2023,1g.,Elect Dawn Rogers,For,
133,DXC Technology Co,25/07/2023,1h.,Elect Michael J. Salvino,For,
134,DXC Technology Co,25/07/2023,1i.,Elect Carrie W. Teffner,For,
135,DXC Technology Co,25/07/2023,1j.,Elect Akihiko Washington,For,
136,DXC Technology Co,25/07/2023,1k.,Elect Robert F. Woods,For,
137,DXC Technology Co,25/07/2023,2,Ratification of Auditor,For,
138,DXC Technology Co,25/07/2023,3,Advisory Vote on Executive Compensation,For,
139,VF Corp.,25/07/2023,1a.,Elect Richard T. Carucci,For,
140,VF Corp.,25/07/2023,1b.,Elect Alex Cho,For,
141,VF Corp.,25/07/2023,1c.,Elect Juliana L. Chugg,For,
142,VF Corp.,25/07/2023,1d.,Elect Benno Dorer,For,
143,VF Corp.,25/07/2023,1e.,Elect Mark S. Hoplamazian,For,
144,VF Corp.,25/07/2023,1f.,Elect Laura W. Lang,For,
145,VF Corp.,25/07/2023,1g.,Elect W. Rodney McMullen,For,
146,VF Corp.,25/07/2023,1h.,"Elect Clarence Otis, Jr.",For,
147,VF Corp.,25/07/2023,1i.,Elect Carol L. Roberts,For,
148,VF Corp.,25/07/2023,1j.,Elect Matthew J. Shattock,For,
149,VF Corp.,25/07/2023,2,Advisory Vote on Executive Compensation,For,
150,VF Corp.,25/07/2023,4,Ratification of Auditor,For,
151,Vodafone Group plc,25/07/2023,1,Accounts and Reports,For,
152,Vodafone Group plc,25/07/2023,10,Elect Kandimathie (Christine) Ramon,For,
153,Vodafone Group plc,25/07/2023,11,Elect Simon Segars,For,
154,Vodafone Group plc,25/07/2023,12,Final Dividend,For,
155,Vodafone Group plc,25/07/2023,13,Remuneration Policy,For,
156,Vodafone Group plc,25/07/2023,14,Remuneration Report,For,
157,Vodafone Group plc,25/07/2023,15,Appointment of Auditor,For,
158,Vodafone Group plc,25/07/2023,16,Authority to Set Auditor's Fees,For,
159,Vodafone Group plc,25/07/2023,17,Authority to Issue Shares w/ Preemptive Rights,For,
160,Vodafone Group plc,25/07/2023,18,Authority to Issue Shares w/o Preemptive Rights,For,
161,Vodafone Group plc,25/07/2023,19,Authority to Issue Shares w/o Preemptive Rights (Specified Capital Investment),For,
162,Vodafone Group plc,25/07/2023,2,Elect .Jean-Fran�ois M. L. van Boxmeer,For,
163,Vodafone Group plc,25/07/2023,20,Authority to Repurchase Shares,For,
164,Vodafone Group plc,25/07/2023,21,Authorisation of Political Donations,For,
165,Vodafone Group plc,25/07/2023,22,Authority to Set General Meeting Notice Period at 14 Days,For,
166,Vodafone Group plc,25/07/2023,23,Global Incentive Plan,For,
167,Vodafone Group plc,25/07/2023,3,Elect Margherita Della Valle,For,
168,Vodafone Group plc,25/07/2023,4,Elect Stephen A. Carter,For,
169,Vodafone Group plc,25/07/2023,5,Elect Michel Demar�,For,
170,Vodafone Group plc,25/07/2023,6,Elect Delphine Ernotte Cunci,For,
171,Vodafone Group plc,25/07/2023,7,Elect Deborah L. Kerr,For,
172,Vodafone Group plc,25/07/2023,8,Elect Amparo Moraleda,For,
173,Vodafone Group plc,25/07/2023,9,Elect David T. Nish,For,
174,Mitie Group plc,25/07/2023,1,Accounts and Reports,For,
175,Mitie Group plc,25/07/2023,10,Elect Chetan Kumar Patel,For,
176,Mitie Group plc,25/07/2023,11,Elect Ommasalma Shah,For,
177,Mitie Group plc,25/07/2023,12,Appointment of Auditor,For,
178,Mitie Group plc,25/07/2023,13,Authority to Set Auditor's Fees,For,
179,Mitie Group plc,25/07/2023,14,Authorisation of Political Donations,For,
180,Mitie Group plc,25/07/2023,15,Authority to Issue Shares w/ Preemptive Rights,For,
181,Mitie Group plc,25/07/2023,16,Authority to Repurchase Shares,For,
182,Mitie Group plc,25/07/2023,17,Authority to Set General Meeting Notice Period at 14 Days,For,
183,Mitie Group plc,25/07/2023,2,Remuneration Report,For,
184,Mitie Group plc,25/07/2023,3,Final Dividend,For,
185,Mitie Group plc,25/07/2023,4,Elect Derek Mapp,For,
186,Mitie Group plc,25/07/2023,5,Elect Phil Bentley,For,
187,Mitie Group plc,25/07/2023,6,Elect Simon Kirkpatrick,For,
188,Mitie Group plc,25/07/2023,7,Elect Jennifer Duvalier,For,
189,Mitie Group plc,25/07/2023,8,Elect Mary Reilly,For,
190,Mitie Group plc,25/07/2023,9,Elect Roger Yates,For,
192,B&M European Value Retail S.A.,25/07/2023,10,Elect Alejandro Russo,For,
193,B&M European Value Retail S.A.,25/07/2023,11,Elect Mike Schmidt,For,
194,B&M European Value Retail S.A.,25/07/2023,12,Elect Ron McMillan,For,
195,B&M European Value Retail S.A.,25/07/2023,13,Elect Tiffany Hall,For,
196,B&M European Value Retail S.A.,25/07/2023,14,Elect Paula MacKenzie,For,
197,B&M European Value Retail S.A.,25/07/2023,15,Elect Oliver Tant,For,
198,B&M European Value Retail S.A.,25/07/2023,16,Ratification of Auditor's Acts,For,
199,B&M European Value Retail S.A.,25/07/2023,17,Appointment of Auditor,For,
200,B&M European Value Retail S.A.,25/07/2023,18,Authority to Set Auditor's Fees,For,
201,B&M European Value Retail S.A.,25/07/2023,19,Authority to Repurchase Shares,For,
202,B&M European Value Retail S.A.,25/07/2023,2,Receive Accounts and Reports,For,
203,B&M European Value Retail S.A.,25/07/2023,20,Authority to Issue Shares w/o Preemptive Rights,For,
204,B&M European Value Retail S.A.,25/07/2023,21,Authority to Issue Shares w/o Preemptive Rights (Specified Capital Investment),For,
205,B&M European Value Retail S.A.,25/07/2023,3,Approve Accounts and Reports,For,
206,B&M European Value Retail S.A.,25/07/2023,4,Approve Accounts and Reports (Consolidated),For,
208,B&M European Value Retail S.A.,25/07/2023,6,Allocation of Dividends,For,
209,B&M European Value Retail S.A.,25/07/2023,7,Remuneration Report,For,
210,B&M European Value Retail S.A.,25/07/2023,8,Ratification of Board Acts,For,
211,B&M European Value Retail S.A.,25/07/2023,9,Elect Peter Bamford,For,
213,Molten Ventures Plc,26/07/2023,1,Accounts and Reports,For,
214,Molten Ventures Plc,26/07/2023,10,Authority to Set Auditor's Fees,For,
215,Molten Ventures Plc,26/07/2023,11,Authority to Issue Shares w/ Preemptive Rights,For,
216,Molten Ventures Plc,26/07/2023,12,Authority to Issue Shares w/o Preemptive Rights,For,
217,Molten Ventures Plc,26/07/2023,13,Authority to Issue Shares w/o Preemptive Rights (Specified Capital Investment),For,
218,Molten Ventures Plc,26/07/2023,14,Authority to Repurchase Shares,For,
219,Molten Ventures Plc,26/07/2023,15,Authority to Set General Meeting Notice Period at 14 Days,For,
220,Molten Ventures Plc,26/07/2023,2,Remuneration Report,For,
221,Molten Ventures Plc,26/07/2023,3,Elect Stuart Chapman,For,
222,Molten Ventures Plc,26/07/2023,4,Elect Grahame Cook,For,
223,Molten Ventures Plc,26/07/2023,5,Elect Martin Davis,For,
224,Molten Ventures Plc,26/07/2023,6,Elect Sarah Gentleman,For,
225,Molten Ventures Plc,26/07/2023,7,Elect Gervaise Slowey,For,
226,Molten Ventures Plc,26/07/2023,8,Elect Ben Wilkinson,For,
227,Molten Ventures Plc,26/07/2023,9,Appointment of Auditor,For,
228,Ninety One Plc,26/07/2023,1,Elect Hendrik J. du Toit,For,
229,Ninety One Plc,26/07/2023,10,Remuneration Policy,For,
230,Ninety One Plc,26/07/2023,11,Approval of Climate Strategy,For,
231,Ninety One Plc,26/07/2023,12,Accounts and Reports (Ninety One plc),For,
232,Ninety One Plc,26/07/2023,13,Final Dividend (Ninety One plc),For,
233,Ninety One Plc,26/07/2023,14,Appointment of Auditor (Ninety One plc),For,
234,Ninety One Plc,26/07/2023,15,Authority to Set Auditor's Fees (Ninety One plc),For,
235,Ninety One Plc,26/07/2023,16,Authority to Issue Shares w/ Preemptive Rights,For,
236,Ninety One Plc,26/07/2023,17,Authority to Repurchase Shares,For,
237,Ninety One Plc,26/07/2023,18,Authority to Set General Meeting Notice Period at 14 Days,For,
238,Ninety One Plc,26/07/2023,2,Elect Kim M. McFarland,For,
239,Ninety One Plc,26/07/2023,20,Final Dividend (Ninety One Ltd),For,
240,Ninety One Plc,26/07/2023,21,Appointment of Auditor (Ninety One Limited),For,
241,Ninety One Plc,26/07/2023,22.1,Elect Victoria Cochrane,For,
242,Ninety One Plc,26/07/2023,22.2,Elect Colin D. Keogh,For,
243,Ninety One Plc,26/07/2023,22.3,Elect Khumo L. Shuenyane,For,
244,Ninety One Plc,26/07/2023,23,Authority to Issue Shares (Ninety One Ltd),For,
245,Ninety One Plc,26/07/2023,24, Authority to Issue Ordinary Shares for Cash (Ninety One Limited),For,
246,Ninety One Plc,26/07/2023,25,Authority to acquire ordinary shares of Ninety One Limited ,For,
247,Ninety One Plc,26/07/2023,26,Approve Financial Assistance (Ninety One Limited),For,
248,Ninety One Plc,26/07/2023,27,Non- Executive Directors' Fees (Ninety One Limited),For,
249,Ninety One Plc,26/07/2023,3,Elect Gareth Penny,For,
250,Ninety One Plc,26/07/2023,4,Elect Idoya Fernanda Basterrechea Aranda,For,
251,Ninety One Plc,26/07/2023,5,Elect Colin D. Keogh,For,
252,Ninety One Plc,26/07/2023,6,Elect Busisiwe (Busi) A. Mabuza,For,
253,Ninety One Plc,26/07/2023,7,Elect Victoria Cochrane,For,
254,Ninety One Plc,26/07/2023,8,Elect Khumo L. Shuenyane,For,
255,Ninety One Plc,26/07/2023,9,Remuneration Report,For,
256,Brown-Forman Corp.,27/07/2023,1a.,Elect Campbell P. Brown,For,
257,Brown-Forman Corp.,27/07/2023,1b.,Elect Elizabeth M. Brown,For,
258,Brown-Forman Corp.,27/07/2023,1c.,Elect Stuart R. Brown,For,
259,Brown-Forman Corp.,27/07/2023,1d.,Elect Mark A. Clouse,For,
260,Brown-Forman Corp.,27/07/2023,1e.,Elect Marshall B. Farrer,For,
261,Brown-Forman Corp.,27/07/2023,1f.,Elect Michael J. Roney,For,
262,Brown-Forman Corp.,27/07/2023,1g.,Elect Jan E. Singer,For,
263,Brown-Forman Corp.,27/07/2023,1h.,Elect Tracy L. Skeans,For,
264,Brown-Forman Corp.,27/07/2023,1i.,Elect Elizabeth A. Smith,For,
265,Brown-Forman Corp.,27/07/2023,1j.,Elect Michael A. Todman,For,
266,Brown-Forman Corp.,27/07/2023,1k.,Elect Lawson E. Whiting,For,
267,Brown-Forman Corp.,27/07/2023,2,Advisory Vote on Executive Compensation,For,
269,Brown-Forman Corp.,27/07/2023,4,Ratification of Auditor,For,
270,Dr. Reddy`s Laboratories Ltd.,27/07/2023,O1.,Accounts and Reports,For,
271,Dr. Reddy`s Laboratories Ltd.,27/07/2023,O2.,Allocation of Profits/Dividends,For,
272,Dr. Reddy`s Laboratories Ltd.,27/07/2023,O3.,Elect G. V. Prasad,For,
273,Dr. Reddy`s Laboratories Ltd.,27/07/2023,S4.,Elect Claudio Albrecht as Independent Director,For,
274,Dr. Reddy`s Laboratories Ltd.,27/07/2023,S5.,Elect Leo Puri as Independent Director,For,
275,Dr. Reddy`s Laboratories Ltd.,27/07/2023,S6.,Elect Shikha Sharma as Independent Director,For,
276,Dr. Reddy`s Laboratories Ltd.,27/07/2023,S7.,Approve Payment of Fees to Cost Auditors,For,
277,Horizon Therapeutics Plc,27/07/2023,1a.,Elect Gino Santini,For,
278,Horizon Therapeutics Plc,27/07/2023,1b.,Elect James S. Shannon,For,
279,Horizon Therapeutics Plc,27/07/2023,1c.,Elect Timothy P. Walbert,For,
280,Horizon Therapeutics Plc,27/07/2023,2,Appointment of Auditor and Authority to Set Fees,For,
281,Horizon Therapeutics Plc,27/07/2023,3,Advisory Vote on Executive Compensation,For,
282,CMC Markets Plc,27/07/2023,1,Accounts and Reports,For,
283,CMC Markets Plc,27/07/2023,10,Elect Euan W. Marshall,For,
284,CMC Markets Plc,27/07/2023,11,Elect Matthew D. Lewis,For,
285,CMC Markets Plc,27/07/2023,12,Appointment of Auditor,For,
286,CMC Markets Plc,27/07/2023,13,Authority to Set Auditor's Fees,For,
287,CMC Markets Plc,27/07/2023,14,Remuneration Report,For,
288,CMC Markets Plc,27/07/2023,15,Authority to Issue Shares w/ Preemptive Rights,For,
289,CMC Markets Plc,27/07/2023,16,Authority to Issue Shares w/o Preemptive Rights,For,
290,CMC Markets Plc,27/07/2023,17,Authority to Issue Shares w/o Preemptive Rights (Specified Capital Investment),For,
291,CMC Markets Plc,27/07/2023,18,Authority to Repurchase Shares,For,
292,CMC Markets Plc,27/07/2023,19,Authority to Set General Meeting Notice Period at 14 Days,For,
293,CMC Markets Plc,27/07/2023,2,Final Dividend,For,
294,CMC Markets Plc,27/07/2023,3,Elect Clare Francis,For,
295,CMC Markets Plc,27/07/2023,4,Elect Susanne Chishti,For,
296,CMC Markets Plc,27/07/2023,5,Elect James S. Richards,For,
297,CMC Markets Plc,27/07/2023,6,Elect Peter A. Cruddas,For,
298,CMC Markets Plc,27/07/2023,7,Elect David J. Fineberg,For,
299,CMC Markets Plc,27/07/2023,8,Elect Sarah Ing,For,
300,CMC Markets Plc,27/07/2023,9,Elect Paul Wainscott,For,
301,Tate & Lyle plc,27/07/2023,1,Accounts and Reports,For,
302,Tate & Lyle plc,27/07/2023,10,Elect Isabelle Esser,For,
303,Tate & Lyle plc,27/07/2023,11,Elect Lars Vinge Frederiksen,For,
304,Tate & Lyle plc,27/07/2023,12,Elect Kimberly A. Nelson,For,
305,Tate & Lyle plc,27/07/2023,13,Elect Sybella Stanley,For,
306,Tate & Lyle plc,27/07/2023,14,Elect Warren G. Tucker,For,
307,Tate & Lyle plc,27/07/2023,15,Appointment of Auditor,For,
308,Tate & Lyle plc,27/07/2023,16,Authority to Set Auditor's Fees,For,
309,Tate & Lyle plc,27/07/2023,17,Authorisation of Political Donations,For,
310,Tate & Lyle plc,27/07/2023,18,Authority to Issue Shares w/ Preemptive Rights,For,
311,Tate & Lyle plc,27/07/2023,19,Authority to Issue Shares w/o Preemptive Rights,For,
312,Tate & Lyle plc,27/07/2023,2,Remuneration Policy,For,
313,Tate & Lyle plc,27/07/2023,20,Authority to Issue Shares w/o Preemptive Rights (Specified Capital Investment),For,
314,Tate & Lyle plc,27/07/2023,21,Authority to Repurchase Shares,For,
315,Tate & Lyle plc,27/07/2023,22,Authority to Set General Meeting Notice Period at 14 Days,For,
316,Tate & Lyle plc,27/07/2023,3,Remuneration Report,For,
317,Tate & Lyle plc,27/07/2023,4,Final Dividend,For,
318,Tate & Lyle plc,27/07/2023,5,Elect Gerry M. Murphy,For,
319,Tate & Lyle plc,27/07/2023,6,Elect Nick Hampton,For,
320,Tate & Lyle plc,27/07/2023,7,Elect Dawn Allen,For,
321,Tate & Lyle plc,27/07/2023,8,Elect John Cheung,For,
322,Tate & Lyle plc,27/07/2023,9,Elect Patr�cia Corsi,For,
323,The Global Smaller Companies Trust Plc,28/07/2023,1,Accounts and Reports,For,
324,The Global Smaller Companies Trust Plc,28/07/2023,10,Appointment of Auditor,For,
325,The Global Smaller Companies Trust Plc,28/07/2023,11,Authority to Set Auditor's Fees,For,
326,The Global Smaller Companies Trust Plc,28/07/2023,12,Authority to Issue Shares w/ Preemptive Rights,For,
327,The Global Smaller Companies Trust Plc,28/07/2023,13,Authority to Issue Shares w/o Preemptive Rights,For,
328,The Global Smaller Companies Trust Plc,28/07/2023,14,Authority to Repurchase Shares,For,
329,The Global Smaller Companies Trust Plc,28/07/2023,15,Authority to Set General Meeting Notice Period at 14 Days,For,
330,The Global Smaller Companies Trust Plc,28/07/2023,2,Remuneration Policy,For,
331,The Global Smaller Companies Trust Plc,28/07/2023,3,Remuneration Report,For,
332,The Global Smaller Companies Trust Plc,28/07/2023,4,Final Dividend,For,
333,The Global Smaller Companies Trust Plc,28/07/2023,5,Elect Nick Bannerman,For,
334,The Global Smaller Companies Trust Plc,28/07/2023,6,Elect Graham Oldroyd,For,
335,The Global Smaller Companies Trust Plc,28/07/2023,7,Elect Anja Balfour,For,
336,The Global Smaller Companies Trust Plc,28/07/2023,8,Elect Josephine Dixon,For,
337,The Global Smaller Companies Trust Plc,28/07/2023,9,Elect David Stileman,For,
338,Syncona Limited,01/08/2023,1,Accounts and Reports,For,
339,Syncona Limited,01/08/2023,10,Elect Gian Piero Reverberi,For,
340,Syncona Limited,01/08/2023,11,Remuneration Report,For,
341,Syncona Limited,01/08/2023,12,Remuneration Policy,For,
342,Syncona Limited,01/08/2023,13,Authority to Issue Shares w/ Preemptive Rights,For,
343,Syncona Limited,01/08/2023,14,Authority to Repurchase Shares,For,
344,Syncona Limited,01/08/2023,15,Authority to Issue Shares w/o Preemptive Rights,For,
345,Syncona Limited,01/08/2023,2,Appointment of Auditor,For,
346,Syncona Limited,01/08/2023,3,Authority to Set Auditor's Fees,For,
347,Syncona Limited,01/08/2023,4,Elect Melanie Gee,For,
348,Syncona Limited,01/08/2023,5,Elect Julie Cherrington,For,
349,Syncona Limited,01/08/2023,6,Elect Cristina Csimma,For,
350,Syncona Limited,01/08/2023,7,Elect Virginia Holmes,For,
351,Syncona Limited,01/08/2023,8,Elect Robert Hutchinson,For,
352,Syncona Limited,01/08/2023,9,Elect Kemal Malik,For,
353,Sequoia Economic Infrastructure Income Fund Limited,02/08/2023,1,Accounts and Reports,For,
354,Sequoia Economic Infrastructure Income Fund Limited,02/08/2023,10,Dividend Policy,For,
355,Sequoia Economic Infrastructure Income Fund Limited,02/08/2023,11,Scrip Dividend,For,
356,Sequoia Economic Infrastructure Income Fund Limited,02/08/2023,12,Authority to Repurchase Shares,For,
357,Sequoia Economic Infrastructure Income Fund Limited,02/08/2023,13,Authority to Issue Shares w/o Preemptive Rights,For,
358,Sequoia Economic Infrastructure Income Fund Limited,02/08/2023,2,Remuneration Report,For,
359,Sequoia Economic Infrastructure Income Fund Limited,02/08/2023,3,Elect Robert Jennings,For,
360,Sequoia Economic Infrastructure Income Fund Limited,02/08/2023,4,Elect Sandra Platts,For,
361,Sequoia Economic Infrastructure Income Fund Limited,02/08/2023,5,Elect James Stewart,For,
362,Sequoia Economic Infrastructure Income Fund Limited,02/08/2023,6,Elect Tim Drayson,For,
363,Sequoia Economic Infrastructure Income Fund Limited,02/08/2023,7,Elect Fiona Le Poidevin,For,
364,Sequoia Economic Infrastructure Income Fund Limited,02/08/2023,8,Appointment of Auditor,For,
365,Sequoia Economic Infrastructure Income Fund Limited,02/08/2023,9,Authority to Set Auditor's Fees,For,
367,Wizz Air Holdings Plc,02/08/2023,10,Elect Barry Eccleston (Independent Shareholders Only),For,
368,Wizz Air Holdings Plc,02/08/2023,11,Elect Andrew Broderick,For,
369,Wizz Air Holdings Plc,02/08/2023,12,Elect Charlotte Pedersen ,For,
370,Wizz Air Holdings Plc,02/08/2023,13,Elect Charlotte Pedersen (Independent Shareholders Only),For,
371,Wizz Air Holdings Plc,02/08/2023,14,Elect Charlotte Andsager ,For,
372,Wizz Air Holdings Plc,02/08/2023,15,Elect Charlotte Andsager (Independent Shareholders Only),For,
373,Wizz Air Holdings Plc,02/08/2023,16,Elect Enrique Dupuy de Lome Chavarri,For,
374,Wizz Air Holdings Plc,02/08/2023,17,Elect Enrique Dupuy de Lome Chavarri (Independent Shareholders Only),For,
375,Wizz Air Holdings Plc,02/08/2023,18,Elect Anthony Radev,For,
376,Wizz Air Holdings Plc,02/08/2023,19,Elect Anthony Radev (Independent Shareholders Only),For,
377,Wizz Air Holdings Plc,02/08/2023,2,Remuneration Report,For,
378,Wizz Air Holdings Plc,02/08/2023,20,Elect Anna Gatti,For,
379,Wizz Air Holdings Plc,02/08/2023,21,Elect Anna Gatti (Independent Shareholders Only),For,
380,Wizz Air Holdings Plc,02/08/2023,22,Elect CHONG Phit Lian,For,
381,Wizz Air Holdings Plc,02/08/2023,23,Elect CHONG Phit Lian (Independent Shareholders Only),For,
382,Wizz Air Holdings Plc,02/08/2023,24,Appointment of Auditor,For,
383,Wizz Air Holdings Plc,02/08/2023,25,Authority to Set Auditor's Fees,For,
384,Wizz Air Holdings Plc,02/08/2023,26,Authority to Issue Shares w/ Preemptive Rights,For,
385,Wizz Air Holdings Plc,02/08/2023,27,Authority to Issue Shares w/o Preemptive Rights,For,
386,Wizz Air Holdings Plc,02/08/2023,28,Authority to Issue Shares w/o Preemptive Rights (Specified Capital Investment),For,
387,Wizz Air Holdings Plc,02/08/2023,3,Remuneration Policy,For,
388,Wizz Air Holdings Plc,02/08/2023,4,Amendment to Value Creation Plan,For,
389,Wizz Air Holdings Plc,02/08/2023,5,Amendment to Omnibus Plan,For,
390,Wizz Air Holdings Plc,02/08/2023,6,Elect William A. Franke,For,
391,Wizz Air Holdings Plc,02/08/2023,7,Elect J�zsef V�radi,For,
392,Wizz Air Holdings Plc,02/08/2023,8,Elect Stephen Johnson,For,
393,Wizz Air Holdings Plc,02/08/2023,9,Elect Barry Eccleston,For,
395,Enersys,03/08/2023,1.1,Elect Caroline Chan,For,
396,Enersys,03/08/2023,1.2,Elect Steven M. Fludder,For,
397,Enersys,03/08/2023,1.3,Elect Paul J. Tufano,For,
398,Enersys,03/08/2023,1.4,Elect Rudolph Wynter,For,
399,Enersys,03/08/2023,2,Approval of the 2023 Equity Incentive Plan,For,
400,Enersys,03/08/2023,3,Ratification of Auditor,For,
401,Enersys,03/08/2023,4,Advisory Vote on Executive Compensation,For,
402,Ralph Lauren Corp,03/08/2023,1.01,Elect Linda Findley,For,
403,Ralph Lauren Corp,03/08/2023,1.02,Elect Michael A. George,For,
404,Ralph Lauren Corp,03/08/2023,1.03,Elect Hubert Joly,For,
405,Ralph Lauren Corp,03/08/2023,1.04,Elect Darren Walker,For,
406,Ralph Lauren Corp,03/08/2023,2,Ratification of Auditor,For,
407,Ralph Lauren Corp,03/08/2023,3,Advisory Vote on Executive Compensation,For,
408,Investec plc,03/08/2023,1,Elect Henrietta Baldock,For,
409,Investec plc,03/08/2023,10,Elect Brian Stevenson,For,
410,Investec plc,03/08/2023,11,Elect Fani Titi,For,
411,Investec plc,03/08/2023,12,Remuneration Report,For,
412,Investec plc,03/08/2023,13,Remuneration Policy,For,
413,Investec plc,03/08/2023,14,Authorisation of Legal Formalities,For,
414,Investec plc,03/08/2023,16,Interim Dividend (Ordinary Shares - Investec Limited),For,
415,Investec plc,03/08/2023,17,Interim Dividend (SA DAS Share - Investec Limited),For,
416,Investec plc,03/08/2023,18,Final Dividend (Investec Limited),For,
417,Investec plc,03/08/2023,19,Appointment of Joint Auditor (Ernst & Young - Investec Limited),For,
418,Investec plc,03/08/2023,2,Elect Zarina B.M. Bassa,For,
419,Investec plc,03/08/2023,20,Appointment of Joint Auditor (PricewaterhouseCoopers - Investec Limited),For,
420,Investec plc,03/08/2023,21,Appointment of Auditor in a Shadow Capacity (Deloitte - Investec Limited),For,
421,Investec plc,03/08/2023,22,Authority to Issue Preference Shares (Investec Limited),For,
422,Investec plc,03/08/2023,23,Authority to Issue Convertible Preference Shares (Investec Limited),For,
423,Investec plc,03/08/2023,24,Authority to Repurchase Ordinary Shares (Investec Limited),For,
424,Investec plc,03/08/2023,25,Authority to Repurchase Preference Shares (Investec Limited),For,
425,Investec plc,03/08/2023,26,Approve Financial Assistance (Investec Limited),For,
426,Investec plc,03/08/2023,27,Approve NEDs' Fees (Investec Limited),For,
427,Investec plc,03/08/2023,28,Accounts and Reports (Investec plc),For,
428,Investec plc,03/08/2023,29,Interim Dividend (Investec plc),For,
429,Investec plc,03/08/2023,3,Elect Philip A. Hourquebie,For,
430,Investec plc,03/08/2023,30,Final Dividend (Investec plc),For,
431,Investec plc,03/08/2023,31,Appointment of Auditor (Investec plc),For,
432,Investec plc,03/08/2023,32,Appointment of Auditor in a Shadow Capacity (Deloitte - Investec plc),For,
433,Investec plc,03/08/2023,33,Authority to Set Auditor's Fees (Investec plc),For,
434,Investec plc,03/08/2023,34,Authorisation of Political Donations (Investec plc),For,
435,Investec plc,03/08/2023,35,Authority to Issue Ordinary and Special Convertible Shares w/ Preemptive Rights (Investec plc),For,
436,Investec plc,03/08/2023,36,Authority to Repurchase Shares (Ordinary Shares - Investec plc),For,
437,Investec plc,03/08/2023,37,Authority to Repurchase Shares (Preference Shares - Investec plc),For,
438,Investec plc,03/08/2023,4,Elect Stephen Koseff,For,
439,Investec plc,03/08/2023,5,Elect Nicola Newton-King,For,
440,Investec plc,03/08/2023,6,Elect Jasandra Nyker,For,
441,Investec plc,03/08/2023,7,Elect Vanessa Olver,For,
442,Investec plc,03/08/2023,8,Elect Nishlan A. Samujh,For,
443,Investec plc,03/08/2023,9,Elect Philisiwe G. Sibiya,For,
444,Telecom Plus plc,04/08/2023,1,Accounts and Reports,For,
445,Telecom Plus plc,04/08/2023,10,Elect Nicholas Schoenfeld,For,
446,Telecom Plus plc,04/08/2023,11,Elect Beatrice Hollond,For,
447,Telecom Plus plc,04/08/2023,12,Elect Andrew Blowers,For,
448,Telecom Plus plc,04/08/2023,13,Elect Suzi Williams,For,
449,Telecom Plus plc,04/08/2023,14,Elect Carla Strent,For,
450,Telecom Plus plc,04/08/2023,15,Appointment of Auditor,For,
451,Telecom Plus plc,04/08/2023,16,Authority to Set Auditor's Fees,For,
452,Telecom Plus plc,04/08/2023,17,Authority to Repurchase Shares,For,
453,Telecom Plus plc,04/08/2023,18,Authority to Issue Shares w/ Preemptive Rights,For,
454,Telecom Plus plc,04/08/2023,19,Authority to Issue Shares w/o Preemptive Rights,For,
455,Telecom Plus plc,04/08/2023,2,Remuneration Report,For,
456,Telecom Plus plc,04/08/2023,20,Authority to Issue Shares w/o Preemptive Rights (Specified Capital Investment),For,
457,Telecom Plus plc,04/08/2023,21,Authorisation of Political Donations,For,
458,Telecom Plus plc,04/08/2023,22,Authority to Set General Meeting Notice Period at 14 Days,For,
459,Telecom Plus plc,04/08/2023,3,Remuneration Policy,For,
460,Telecom Plus plc,04/08/2023,4,"Telecom Plus Incentive Plan (""""TIPIP"""")",For,
461,Telecom Plus plc,04/08/2023,5,"Telecom Plus Omnibus Plan (""""TPOP"""")",For,
462,Telecom Plus plc,04/08/2023,6,Final Dividend,For,
463,Telecom Plus plc,04/08/2023,7,Elect Charles Wigoder,For,
464,Telecom Plus plc,04/08/2023,8,Elect Andrew Lindsay,For,
465,Telecom Plus plc,04/08/2023,9,Elect Stuart Burnett,For,
466,"Electronic Arts, Inc.",10/08/2023,1a.,Elect Kofi A. Bruce,For,
467,"Electronic Arts, Inc.",10/08/2023,1b.,Elect Rachel A. Gonzalez,For,
468,"Electronic Arts, Inc.",10/08/2023,1c.,Elect Jeffrey T. Huber,For,
469,"Electronic Arts, Inc.",10/08/2023,1d.,Elect Talbott Roche,For,
470,"Electronic Arts, Inc.",10/08/2023,1e.,Elect Richard A. Simonson,For,
471,"Electronic Arts, Inc.",10/08/2023,1f.,Elect Luis A. Ubi�as,For,
472,"Electronic Arts, Inc.",10/08/2023,1g.,Elect Heidi J. Ueberroth,For,
473,"Electronic Arts, Inc.",10/08/2023,1h.,Elect Andrew Wilson,For,
474,"Electronic Arts, Inc.",10/08/2023,2,Advisory Vote on Executive Compensation,For,
475,"Electronic Arts, Inc.",10/08/2023,3,Ratification of Auditor,For,
476,Plus500 Ltd,10/08/2023,1,Authority to Repurchase Shares,For,
477,"Electronic Arts, Inc.",10/08/2023,5,Shareholder Proposal Regarding Severance Approval Policy,Against,
478,Benson Hill Inc,11/08/2023,1a.,Elect Adrienne D. Elsner,For,
479,Benson Hill Inc,11/08/2023,1b.,Elect DeAnn L. Brunts,For,
480,Benson Hill Inc,11/08/2023,1c.,Elect J. Stephan Dolezalek,For,
481,Benson Hill Inc,11/08/2023,1d.,Elect Daniel Jacobi,For,
482,Benson Hill Inc,11/08/2023,1e.,Elect David Lee,For,
483,Benson Hill Inc,11/08/2023,1f.,Elect Richard Mack,For,
484,Benson Hill Inc,11/08/2023,1g.,Elect Molly Montgomery,For,
485,Benson Hill Inc,11/08/2023,1h.,Elect Craig Rohr,For,
486,Benson Hill Inc,11/08/2023,1i.,Elect Linda Whitley-Taylor,For,
487,Benson Hill Inc,11/08/2023,2,Ratification of Auditor,For,
488,Jumia Technologies Ag,14/08/2023,10,Authority to Repurchase and Reissue Shares,For,
489,Jumia Technologies Ag,14/08/2023,2,Ratification of Management Acts,For,
490,Jumia Technologies Ag,14/08/2023,3,Ratification of Supervisory Board Acts,For,
491,Jumia Technologies Ag,14/08/2023,4,Appointment of Auditor,For,
492,Jumia Technologies Ag,14/08/2023,5,Remuneration Report,For,
493,Jumia Technologies Ag,14/08/2023,6,Decrease Supervisory Board Size,For,
494,Jumia Technologies Ag,14/08/2023,7.1,Elect Pierre-Yves Calloc'h,For,
495,Jumia Technologies Ag,14/08/2023,7.2,Elect Anne Eriksson,For,
496,Jumia Technologies Ag,14/08/2023,7.3,Elect Elizabeth J. Huebner,For,
497,Jumia Technologies Ag,14/08/2023,7.4,Elect Blaise Judja-Sato,For,
498,Jumia Technologies Ag,14/08/2023,7.5,Elect Jonathan D. Klein,For,
499,Jumia Technologies Ag,14/08/2023,8,Supervisory Board Remuneration Policy ,For,
500,Jumia Technologies Ag,14/08/2023,9,Renewal of Authorized Capital,For,
